FNAME,LNAME,CELL,EMAIL,SALUTATION,TITLE
John,Dodge,555-888-8888,jdodge@example.com,Mr.,SVP of Sales
Sarah,Smith,555-999-8888,ssnith@example.com,Ms.,Senior Sales Rep
George,Dapper,555-999-0000,gdapper@example.com,Dr.,Director of Healthcare
Jack,Dodge,555-888-8888,jdodge2@example.com,Mr.,EVP of Sales
Jessica,Jones,555-999-8888,jjones@example.com,Mrs.,Senior Sales Rep
Dragon,Davich,555-999-0000,dragonr@example.com,Dr.,Senior Member of Medical Staff
Steve,Curio,555-555-5454,curious@example.com,Mr.,Janitor
Laura,Black,555-555-3434,black@example.com,Ms.,Sales Rep
Wilhelm,Blake,555-555-5543,wblake@example.com,Mr.,CEO
Winter,Drake,555-555-5554,dragon2@example.com,Mr.,CFO
Sal,Sands,555-555-5553,sandssquared@example.com,Mr.,CTO
Julia,Wilds,555-555-9988,jwilds@example.com,Ms.,CMO
Juniper,Birsch,555-555-5432,woodsy@example.com,Mrs.,Director of Engineering
Valerie,Duncan,555-555-3433,vduncan@example.com,Ms.,"Senior Member, Technical Staff"
Patti,Patel,555-555-4334,ppatel@example.com,Mrs.,Head of Software Engineering
Justin,Short,555-445-3343,jshort@example.com,Mr.,Actor
John,Downes,555-444-0117,bungie@example.com,Mr.,Master Chief
Xavier,Birch,555-000-0333,xjb@example.com,Mr.,Chair of Genealogy
Basil,Wenceslas,555-666-3433,hansa@example.com,Chairman,Chairman
Alice,Black,555-555-5555,blackalice@example.com,Ms.,Botanist